0,0,0,0,0,0,0,0,0,0,0,0,0,0,0,0,0,0,0,0,0,0,0,0,0,0,0,0,0,0,0,0,0,0,0,0
0,0,0,0,0,0,0,0,0,0,0,0,0,0,0,0,0,0,0,0,0,0,0,0,0,0,0,0,0,0,0, 4049, 4049, 4049, 4049, 4049
0,0,0,0,0,0,0,0,0,0,0,0,0,0,0,0,0,0,0,0,0,0,0,0,0,0,0,0,0,0,0, 3999, 3999, 3999, 3999, 3999
0,0,0,0,0,0,0,0,0,0,0,0,0,0,0,0,0,0,0,0,0,0,0,0,0,0,0,0,0,0,0, 3943, 3943, 3943, 3943, 3943
0,0,0,0,0,0,0,0,0,0,0,0,0,0,0,0,0,0,0,0, 3817, 3817, 3817, 3817, 3817, 3817, 3817, 3817, 3817, 3817, 3817, 3892, 3892, 3892, 3892, 3892
0,0,0,0,0,0,0,0,0,0,0,0,0,0,0,0,0,0,0,0, 4016, 4016, 4016, 4016, 4016, 4016, 4016, 4016, 4016, 4016, 4016, 3837, 3837, 3837, 3837, 3837
0,0,0,0,0,0,0,0,0,0,0,0,0,0,0,0,0,0,0,0, 3974, 3974, 3974, 3974, 3974, 3974, 3974, 3974, 3974, 3974, 3974, 3791, 3791, 3791, 3791, 3791
3554, 3554, 3554, 3554, 3554, 3554, 3554, 3554, 3554, 3554, 3554, 3554, 3554, 3554, 3554, 3554, 3554, 3554, 3554, 3554, 3922, 3922, 3922, 3922, 3922, 3922, 3922, 3922, 3922, 3922, 3922, 3732, 3732, 3732, 3732, 3732
4043, 4043, 4043, 4043, 4043, 4043, 4043, 4043, 4043, 4043, 4043, 4043, 4043, 4043, 4043, 4043, 4043, 4043, 4043, 4043, 3867, 3867, 3867, 3867, 3867, 3867, 3867, 3867, 3867, 3867, 3867, 3683, 3683, 3683, 3683, 3683
3988, 3988, 3988, 3988, 3988, 3988, 3988, 3988, 3988, 3988, 3988, 3988, 3988, 3988, 3988, 3988, 3988, 3988, 3988, 3988, 3817, 3817, 3817, 3817, 3817, 3817, 3817, 3817, 3817, 3817, 3817, 3629, 3629, 3629, 3629, 3629
3940, 3940, 3940, 3940, 3940, 3940, 3940, 3940, 3940, 3940, 3940, 3940, 3940, 3940, 3940, 3940, 3940, 3940, 3940, 3940, 3760, 3760, 3760, 3760, 3760, 3760, 3760, 3760, 3760, 3760, 3760, 3197, 3197, 3197, 3197, 3197
3886, 3886, 3886, 3886, 3886, 3886, 3886, 3886, 3886, 3886, 3886, 3886, 3886, 3886, 3886, 3886, 3886, 3886, 3886, 3886, 3710, 3710, 3710, 3710, 3710, 3710, 3710, 3710, 3710, 3710, 3710, 2515, 2515, 2515, 2515, 2515
3833, 3833, 3833, 3833, 3833, 3833, 3833, 3833, 3833, 3833, 3833, 3833, 3833, 3833, 3833, 3833, 3833, 3833, 3833, 3833, 3655, 3655, 3655, 3655, 3655, 3655, 3655, 3655, 3655, 3655, 3655, 1899, 1899, 1899, 1899, 1899
3778, 3778, 3778, 3778, 3778, 3778, 3778, 3778, 3778, 3778, 3778, 3778, 3778, 3778, 3778, 3778, 3778, 3778, 3778, 3778, 3477, 3477, 3477, 3477, 3477, 3477, 3477, 3477, 3477, 3477, 3477, 1216, 1216, 1216, 1216, 1216
3726, 3726, 3726, 3726, 3726, 3726, 3726, 3726, 3726, 3726, 3726, 3726, 3726, 3726, 3726, 3726, 3726, 3726, 3726, 3726, 1903, 1903, 1903, 1903, 1903, 1903, 1903, 1903, 1903, 1903, 1903, 600, 600, 600, 600, 600
3671, 3671, 3671, 3671, 3671, 3671, 3671, 3671, 3671, 3671, 3671, 3671, 3671, 3671, 3671, 3671, 3671, 3671, 3671, 3671, 459, 459, 459, 459, 459, 459, 459, 459, 459, 459, 459,0,0,0,0,0
3621, 3621, 3621, 3621, 3621, 3621, 3621, 3621, 3621, 3621, 3621, 3621, 3621, 3621, 3621, 3621, 3621, 3621, 3621, 3621,0,0,0,0,0,0,0,0,0,0,0,0,0,0,0,0
2393, 2393, 2393, 2393, 2393, 2393, 2393, 2393, 2393, 2393, 2393, 2393, 2393, 2393, 2393, 2393, 2393, 2393, 2393, 2393,0,0,0,0,0,0,0,0,0,0,0,0,0,0,0,0
966, 966, 966, 966, 966, 966, 966, 966, 966, 966, 966, 966, 966, 966, 966, 966, 966, 966, 966, 966,0,0,0,0,0,0,0,0,0,0,0,0,0,0,0,0
0,0,0,0,0,0,0,0,0,0,0,0,0,0,0,0,0,0,0,0,0,0,0,0,0,0,0,0,0,0,0,0,0,0,0,0
0,0,0,0,0,0,0,0,0,0,0,0,0,0,0,0,0,0,0,0,0,0,0,0,0,0,0,0,0,0,0,0,0,0,0,0